project name,project url,category,commits
think,https://github.com/dungenessbin/think,[],51
symon,https://github.com/sethm/symon,"[1, 2, 3, 4, 6]",45
oo-inheritance-code-along-wdf-000,https://github.com/lastromanticx/oo-inheritance-code-along-wdf-000,"[1, 2, 3]",14
prerender,https://github.com/microlv/prerender,"[1, 3, 5, 6]",58
vlayout,https://github.com/565407548/vlayout,"[1, 2, 3, 5, 6]",15
corert,https://github.com/shrah/corert,"[1, 5, 6, 7]",15
domoraen,https://github.com/udzura/domoraen,[],6
hello-world-ruby-ruby-intro-000,https://github.com/LoMicah03/hello-world-ruby-ruby-intro-000,"[1, 3, 8]",45
chef-xdebug,https://github.com/gevans/chef-xdebug,"[1, 3, 4, 5]",1
lastpass-cli,https://github.com/h3biomed/lastpass-cli,"[1, 3, 6]",20
weapp-ide-crack,https://github.com/guoyalun/weapp-ide-crack,[],30
TuentiTV,https://github.com/anirut/TuentiTV,"[3, 5, 6]",13
rails,https://github.com/sineed/rails,"[1, 3, 4, 5, 6, 7]",26
apache2-chef-cookbook,https://github.com/samuelbohler/apache2-chef-cookbook,"[3, 4, 5, 6, 7]",72
vue-resource,https://github.com/venturion/vue-resource,"[1, 4, 5, 6, 7]",63
quickdic-dictionary.actionbarsherlock,https://github.com/vocotnhan/quickdic-dictionary.actionbarsherlock,"[1, 2, 5, 6]",1
Kotlin-CN,https://github.com/Kotlin-lang-CN/Kotlin-CN,[],23
go-bootstrap,https://github.com/kraziegent/go-bootstrap,"[1, 3]",16
map-journal-storytelling-template-js,https://github.com/owap/map-journal-storytelling-template-js,"[1, 3, 5, 6, 7]",79
tensorlayer,https://github.com/Paseam/tensorlayer,[3],91
ruru,https://github.com/tinco/ruru,"[1, 2, 3, 6, 7]",52
developer-exercise,https://github.com/abparker/developer-exercise,"[1, 3]",1
fog,https://github.com/voxik/fog,"[3, 6, 7]",37
SDAutoLayout,https://github.com/jiang12306/SDAutoLayout,[],92
PHP-Classes-e-Utilidades,https://github.com/KelvynCarbone/PHP-Classes-e-Utilidades,[],9
factory_girl_rails,https://github.com/brendanwb/factory_girl_rails,"[1, 3, 5, 7]",18
grunt-dss,https://github.com/sebald/grunt-dss,"[1, 3, 6]",10
android-fragment-swapper,https://github.com/aborunski/android-fragment-swapper,"[1, 3, 5]",1
iCreator,https://github.com/anyexxx/iCreator,"[1, 3]",8
delta,https://github.com/cwohlman/delta,"[3, 6, 8]",39
WPD-.NET-Wrapper,https://github.com/adamswann/WPD-.NET-Wrapper,[1],3
restaurante,https://github.com/edsonmgoz/restaurante,"[1, 2, 5, 6, 7]",1
huginn,https://github.com/scollison/huginn,"[1, 3, 5]",67
spring-best-practices,https://github.com/g3collector/spring-best-practices,"[3, 6]",8
angular-cli,https://github.com/dondre/angular-cli,"[1, 3, 4, 5, 6, 7]",101
EmlakProjesi,https://github.com/mesutozturk/EmlakProjesi,[],3
CNTK,https://github.com/BrunoBozza/CNTK,"[1, 5, 8]",18
cassle,https://github.com/pombredanne/cassle,"[1, 2, 3, 4]",10
amazon-autocomplete,https://github.com/blairanderson/amazon-autocomplete,"[1, 3, 5]",5
hikari-for-Jekyll,https://github.com/villanella/hikari-for-Jekyll,"[1, 2, 3, 5]",23
butter-desktop,https://github.com/RLC22/butter-desktop,[],95
silex-cache-service-provider,https://github.com/kevinboudot/silex-cache-service-provider,"[1, 3, 5]",14
SeetaFaceLib,https://github.com/IvyGongoogle/SeetaFaceLib,[],10
simple-partials-reading-v-000,https://github.com/mcansh/simple-partials-reading-v-000,"[1, 3]",33
slack-history-export,https://github.com/kentmacdonald2/slack-history-export,"[1, 3, 6, 7]",6
docker-node,https://github.com/Scott-O-Brian/docker-node,"[1, 3, 4, 5, 6]",22
Exploratory-Data-Analysis,https://github.com/nilaydc/Exploratory-Data-Analysis,[],3
gdufer,https://github.com/ywisax/gdufer,[],6
fms-endpoint,https://github.com/brismuth/fms-endpoint,"[1, 3, 4, 5]",5
yodatra,https://github.com/squareteam/yodatra,"[1, 2]",7
neural_artistic_style,https://github.com/elsdrium/neural_artistic_style,"[1, 3]",4
alice,https://github.com/Unicamp-OpenPower/alice,"[1, 3, 4, 5]",2
sweep,https://github.com/lulupop/sweep,"[1, 3, 5, 6]",11
AndroidN-ify,https://github.com/blair34854/AndroidN-ify,"[1, 6]",13
apples-and-holidays-v-000,https://github.com/BluesBaka/apples-and-holidays-v-000,"[3, 6]",44
component-typography,https://github.com/umbobabo/component-typography,[1],5
restart-my-fox,https://github.com/Croydon/restart-my-fox,"[1, 2]",4
rdpy,https://github.com/HPxpat/rdpy,[3],55
EnumGenie,https://github.com/xwipeoutx/EnumGenie,"[1, 3, 6, 8]",8
caffe,https://github.com/kuyun-zhangyang/caffe,[],28
jquery-handsontable,https://github.com/ufirstgroup/jquery-handsontable,"[3, 5, 6]",140
locust-swarm,https://github.com/grandamp/locust-swarm,"[1, 3]",5
CountingView,https://github.com/wieweb/CountingView,"[1, 3, 4]",4
symphony,https://github.com/yujmh/symphony,[],117
gala,https://github.com/mhm956/gala,[1],8
ProgrammingAssignment2,https://github.com/agomezf/ProgrammingAssignment2,"[1, 2, 3, 8]",6
buntdb-optimization,https://github.com/k0mrade/buntdb-optimization,[1],6
FEM1,https://github.com/UniversityProjects/FEM1,[],18
JavaScript-Templates,https://github.com/rramona2/JavaScript-Templates,"[1, 3, 5, 6]",19
javascript-logging-lab-bootcamp-prep-000,https://github.com/JWood02/javascript-logging-lab-bootcamp-prep-000,"[1, 2, 3, 6]",11
ember.js,https://github.com/trentmwillis/ember.js,[7],100
p5-DBIx-FixtureLoader,https://github.com/Songmu/p5-DBIx-FixtureLoader,"[1, 3, 5]",10
ADClusterMapView,https://github.com/CraigLiaoBJ/ADClusterMapView,"[1, 3, 4, 6, 7]",10
sinopia,https://github.com/Leelow/sinopia,"[3, 6]",24
chatbot,https://github.com/HirotoIgarashi/chatbot,[],7
bigtop,https://github.com/ganeshraju/bigtop,"[1, 2, 3, 5, 6, 7]",23
XXPagingScrollView,https://github.com/wenjingjie/XXPagingScrollView,"[1, 3]",4
ParallelGit,https://github.com/jmilleralpine/ParallelGit,"[1, 5]",50
1002,https://github.com/17352913480/1002,[],2
csharp_tutorials,https://github.com/AzureByte/csharp_tutorials,[1],51
io-slider,https://github.com/mmcgahan/io-slider,[],2
J2EEScan,https://github.com/darg0001/J2EEScan,"[1, 2, 3, 4]",11
buildship,https://github.com/gaborbernat/buildship,"[1, 3, 6]",15
serviceLogs,https://github.com/peppy6582/serviceLogs,"[3, 5, 6]",1
ICDM2015,https://github.com/petrjanda/ICDM2015,"[1, 3]",4
elasticsearch-definitive-guide,https://github.com/harrywithcode/elasticsearch-definitive-guide,"[1, 3, 4, 5, 6, 7]",2
Recorderjs,https://github.com/taf2/Recorderjs,"[1, 3]",32
go-mqtt,https://github.com/antlinker/go-mqtt,[],11
Android-CleanArchitecture,https://github.com/alanwgeorge/Android-CleanArchitecture,"[1, 3, 5, 6]",14
ruby2-rails4-bootstrap-heroku,https://github.com/trujunzhang/ruby2-rails4-bootstrap-heroku,"[1, 3, 6]",66
GeoIP2-perl,https://github.com/MrItty/GeoIP2-perl,"[1, 3, 4, 5, 6]",12
sharedb,https://github.com/nmjesus/sharedb,[3],26
liferay-connector,https://github.com/Robbe92/liferay-connector,"[1, 3, 5]",7
px-data-table,https://github.com/a3986/px-data-table,"[1, 3, 6]",23
tiny-dnn,https://github.com/Capri2014/tiny-dnn,"[1, 2, 3, 5, 6]",80
rampant,https://github.com/carriercomm/rampant,"[1, 3, 5]",1
BMCustomTableView,https://github.com/medos1472/BMCustomTableView,"[1, 3, 5]",12
handson-ml,https://github.com/ZahoreczTibor/handson-ml,"[1, 3]",23
geonotebook,https://github.com/yu5y/geonotebook,[3],30
ARP-spoofing,https://github.com/ammarx/ARP-spoofing,"[1, 3]",7
ionic-native,https://github.com/RodrigoCm95/ionic-native,"[1, 3, 5, 6, 7]",22
shadowsocks-windows,https://github.com/tkylin/shadowsocks-windows,"[1, 3, 5]",60
iio-oscilloscope,https://github.com/lrmodesgh/iio-oscilloscope,"[1, 5, 6]",2
Viberr,https://github.com/voDox17/Viberr,"[1, 3]",2
Blackjack,https://github.com/ChadLactaoen/Blackjack,"[1, 2, 3, 6, 8]",10
cockroach,https://github.com/imkernel/cockroach,"[1, 4, 6, 7]",157
oscarsale.github.io,https://github.com/oscarsale/oscarsale.github.io,"[1, 2, 3, 5, 6]",132
QuickGraphAndroid,https://github.com/emil10001/QuickGraphAndroid,"[1, 2, 5]",2
Q,https://github.com/choreographing-quokka/Q,"[1, 3, 4, 5, 6, 7]",3
SimplifyReader,https://github.com/xuhuawei131/SimplifyReader,[],12
numpy,https://github.com/perimosocordiae/numpy,[],13
jekyll-bootstrap,https://github.com/kwangkim/jekyll-bootstrap,"[1, 3, 4, 5, 6, 7]",13
java8collections,https://github.com/zawieja/java8collections,"[1, 3, 6, 8]",12
LCS,https://github.com/Jaiimmortal/LCS,"[1, 3, 6]",13
android-async-http,https://github.com/Crysty-Yui/android-async-http,"[1, 3, 6]",22
cartoon-collections-001-prework-web,https://github.com/paige11/cartoon-collections-001-prework-web,"[1, 2, 3, 6, 8]",25
konstantin-fluentd,https://github.com/iL-Mattone/konstantin-fluentd,"[1, 3, 4, 6]",22
frontend-nanodegree-feedreader,https://github.com/neumanta/frontend-nanodegree-feedreader,[],3
docker-vault,https://github.com/kunickiaj/docker-vault,"[1, 3, 5, 6, 7]",6
LOST,https://github.com/randhika/LOST,"[1, 3]",10
RoaringBitmap,https://github.com/dhaval2025/RoaringBitmap,"[1, 2, 3, 5, 6]",66
node-google-spreadsheets,https://github.com/dluxemburg/node-google-spreadsheets,[],2
extwitter,https://github.com/mroth/extwitter,"[3, 8]",35
homebrew,https://github.com/arodrime/homebrew,"[1, 5, 6]",49
quicksand_lite,https://github.com/tylabs/quicksand_lite,"[1, 2, 4, 5, 6]",10
installer,https://github.com/EmanueleMinotto/installer,"[1, 3, 4, 5, 6, 7]",2
gaia,https://github.com/manekinekko/gaia,"[3, 6]",59
jison,https://github.com/Koulio/jison,"[1, 3, 5, 6]",20
448Hmwk5,https://github.com/DimGreyWolf/448Hmwk5,[1],9
github-changelog-generator,https://github.com/pivotal-mikegresham/github-changelog-generator,"[1, 2, 3, 5, 6, 7]",116
phpiredis,https://github.com/vpothuri/phpiredis,"[3, 7]",9
jfortune,https://github.com/valley51/jfortune,"[1, 3, 6]",14
mobile-first-dashboard,https://github.com/maxamillion32/mobile-first-dashboard,"[1, 3]",11
synfig,https://github.com/shyamalschandra/synfig,"[1, 2, 3, 6, 8]",7
patty,https://github.com/nigredo-tori/patty,"[1, 3]",17
ews-cpp,https://github.com/QuickQi1/ews-cpp,"[1, 3, 5, 6, 8]",18
visor,https://github.com/mdxprograms/visor,"[1, 3, 4, 7]",1
jBloomberg,https://github.com/NunoEdgarGub1/jBloomberg,[],22
glide,https://github.com/1406504841/glide,"[1, 2, 3, 4, 5, 6, 7]",43
sqlite3,https://github.com/IbpTeam/sqlite3,"[1, 3, 5, 6]",1
swirl_courses,https://github.com/Shamash2014/swirl_courses,"[1, 3, 6]",34
Colorful-1,https://github.com/luoyiqi/Colorful-1,"[1, 3, 5]",18
movies,https://github.com/MariyaS/movies,"[1, 3]",4
passwordless,https://github.com/haisonle/passwordless,"[1, 2, 3, 5, 6]",34
r-graph-catalog,https://github.com/JoseEnrique04/r-graph-catalog,"[1, 5]",4
NightNight,https://github.com/MaxAdamyan/NightNight,"[1, 2, 3, 5]",14
SlidingTutorial-Android,https://github.com/iamxufeng/SlidingTutorial-Android,"[1, 2, 3, 4, 5, 6]",36
yii2-eav,https://github.com/ArmiT/yii2-eav,"[3, 8]",40
workflow-plugin,https://github.com/serenabi/workflow-plugin,"[1, 2, 3, 6]",48
date-time-picker,https://github.com/duguruiyuan/date-time-picker,"[1, 3, 5]",11
NiftyNotification,https://github.com/sd6352051/NiftyNotification,"[1, 3, 5, 6]",16
assemble-workshop,https://github.com/itlackey/assemble-workshop,"[1, 3, 5, 6, 7]",21
ruby-object-initialize-lab-v-000,https://github.com/EarLyMe/ruby-object-initialize-lab-v-000,"[1, 3]",5
CalendarView,https://github.com/liujinchong/CalendarView,[],28
tcp-qa,https://github.com/sandriichenko/tcp-qa,"[1, 3]",21
Mining-the-Social-Web-2nd-Edition,https://github.com/nithiroj/Mining-the-Social-Web-2nd-Edition,"[1, 2, 6]",62
xact,https://github.com/mucyomiller/xact,[],7
RepData_PeerAssessment1,https://github.com/josnthecaster/RepData_PeerAssessment1,"[1, 2, 3]",7
libgdx-demo-cuboc,https://github.com/HanWenfang/libgdx-demo-cuboc,[1],7
scikit-beam,https://github.com/bfrosik/scikit-beam,[],24
hacker-scripts,https://github.com/murongruomeng/hacker-scripts,"[1, 3]",9
skills-based-javascript-intro-to-flow-control-v-000,https://github.com/jwolfe890/skills-based-javascript-intro-to-flow-control-v-000,"[1, 3, 6]",30
Apollo-11,https://github.com/hughker/Apollo-11,"[1, 5]",23
microservices-examples,https://github.com/Kryndex/microservices-examples,[3],7
ExData_Plotting1,https://github.com/silverfern7/ExData_Plotting1,[],2
advanced-tensorflow,https://github.com/YangHaha11514/advanced-tensorflow,[1],17
Device42-AutoDiscovery-Scripts,https://github.com/spkane/Device42-AutoDiscovery-Scripts,[1],10
ripgrep,https://github.com/AlluringJay/ripgrep,"[1, 2, 3, 5, 6]",32
vimsert,https://github.com/dragon788/vimsert,"[1, 3, 5, 6, 7]",10
angular2-busy,https://github.com/ozalpdemir/angular2-busy,"[1, 3, 4, 5, 6]",14
tokens,https://github.com/midumitrescu/tokens,"[1, 3, 5]",13
StarryPy3k,https://github.com/AMorporkian/StarryPy3k,"[1, 3, 6, 7]",7
generator-gulp-angular,https://github.com/aceol/generator-gulp-angular,"[3, 4, 5, 6]",72
smart-on-fhir.github.io,https://github.com/aaronseib/smart-on-fhir.github.io,"[1, 3, 5, 6]",6
schooldemo,https://github.com/carolcoral/schooldemo,[],1
kidsrubyinstaller-windows,https://github.com/gkarunakaran/kidsrubyinstaller-windows,"[1, 3, 6, 7]",5
cecil,https://github.com/WaylandGod/cecil,"[1, 3, 5, 6]",8
MMNumberKeyboard,https://github.com/houze2311/MMNumberKeyboard,"[1, 3, 5, 7]",4
cleanflight,https://github.com/funze/cleanflight,"[1, 2, 6, 7]",16
vagrant-aws,https://github.com/johnsonjr/vagrant-aws,"[1, 3, 4]",62
YouCompleteMe,https://github.com/memorywarning/YouCompleteMe,"[1, 3, 5, 6]",332
reveal.js,https://github.com/bissal/reveal.js,"[1, 3, 5, 6]",383
Engine,https://github.com/fp7-netide/Engine,"[1, 2, 6]",10
calendarjs,https://github.com/raphapassini/calendarjs,[1],2
node-tesseract,https://github.com/zhongdaojin/node-tesseract,"[1, 3]",28
go-multiaddr,https://github.com/majestrate/go-multiaddr,"[1, 3]",6
angular-strap,https://github.com/ttyouare/angular-strap,"[3, 5, 6, 7]",52
wdi_11_angular_token_auth_app,https://github.com/LookOut800/wdi_11_angular_token_auth_app,"[1, 3, 6]",4
js-basics-online-shopping-lab-js-intro-000,https://github.com/crisamdegracia/js-basics-online-shopping-lab-js-intro-000,"[1, 2, 3]",22
QrCodeScan,https://github.com/leixinstar/QrCodeScan,[],5
objc-TimesSquare,https://github.com/jakeheis/objc-TimesSquare,"[3, 7]",5
sonar-examples,https://github.com/tfereyre/sonar-examples,[3],17
website,https://github.com/e0003083/website,"[1, 4, 5, 7]",15
search-github-users,https://github.com/merlincharlotte/search-github-users,"[1, 3]",1
nshahpazov.github.io,https://github.com/mgechev/nshahpazov.github.io,"[1, 3, 6]",1
debugger.html,https://github.com/sdtm1016/debugger.html,"[1, 2, 3]",37
drumknott,https://github.com/pat/drumknott,"[1, 3, 5, 7]",4
prezto,https://github.com/jpbetz/prezto,"[1, 3, 5, 6]",56
imas-producer_schedule,https://github.com/hsugita/imas-producer_schedule,"[1, 3, 5, 7]",1
vsc,https://github.com/kylezhang/vsc,[],15
PHPStaticHelpers,https://github.com/divampo/PHPStaticHelpers,"[1, 5]",2
discord-api-docs,https://github.com/manuelgu/discord-api-docs,"[1, 3, 5, 7]",10
cf-mysql-release,https://github.com/cloudfoundry/cf-mysql-release,"[1, 3]",215
bds,https://github.com/D630/bds,[1],7
shadowsocks,https://github.com/babyformula/shadowsocks,"[1, 3, 5, 6]",1
node-forro,https://github.com/imlucas/node-forro,"[1, 3, 5]",14
neocities,https://github.com/boumer/neocities,[7],12
webhdfs,https://github.com/att-bdpaas/webhdfs,"[1, 3, 5]",9
chef-redis,https://github.com/aforward-oss/chef-redis,"[1, 3, 6]",11
django-movies-api,https://github.com/Apentz49/django-movies-api,"[1, 2, 3, 6]",1
jmsPaymentPlugin,https://github.com/schmittjoh/jmsPaymentPlugin,"[1, 6, 7]",2
odoo,https://github.com/jmorcos22/odoo,"[1, 3]",30
TinyBlog,https://github.com/loyabe/TinyBlog,[],1
weixin,https://github.com/fanglanfeng/weixin,[],2
pb,https://github.com/henvic/pb,"[1, 3]",25
udacity-xyzreader,https://github.com/fredericletellier/udacity-xyzreader,"[1, 2, 3, 6, 8]",1
homebrew,https://github.com/socialchorus/homebrew,[],49
android-midi-lib,https://github.com/cambiata/android-midi-lib,[],5
LightWM,https://github.com/connorworkman/LightWM,"[1, 3]",4
QuantLib,https://github.com/fabianfh/QuantLib,"[1, 3, 4, 5, 6, 7]",12
piximgen,https://github.com/thekonz/piximgen,"[1, 3]",5
IntentKit,https://github.com/gaopeng9090/IntentKit,"[3, 4, 5, 6, 7]",42
embedio,https://github.com/kuyoska/embedio,[3],45
react,https://github.com/bran921007/react,"[3, 6, 7]",52
TinyMceContextMenu,https://github.com/cliffparnitzky/TinyMceContextMenu,"[1, 3, 6]",11
duckling,https://github.com/Peplo/duckling,"[3, 6]",40
redis-windows,https://github.com/niceguy-php/redis-windows,"[1, 3, 6]",25
gemstash,https://github.com/larssonandreas/gemstash,"[1, 2, 3, 5, 6, 7]",20
Lizitt-Unity3D-Outfitter,https://github.com/asmboom/Lizitt-Unity3D-Outfitter,"[1, 3, 4, 6]",9
khan-exercises,https://github.com/igorT/khan-exercises,"[1, 5]",15
volume-leather-fill,https://github.com/omedbb/volume-leather-fill,"[1, 3, 5, 7]",1
rrc_detection,https://github.com/bikong2/rrc_detection,"[1, 2, 3, 5, 6]",42
FreeCodeCamp,https://github.com/bkachamakov/FreeCodeCamp,"[3, 5, 7]",345
iOSSF,https://github.com/tangqiaoboy/iOSSF,[],6
testapp_rails,https://github.com/abhilashkkumar/testapp_rails,[],3
cdnjs-1,https://github.com/ryam244/cdnjs-1,"[1, 3, 5, 7]",34
AutoCircle_generater,https://github.com/melodysu83/AutoCircle_generater,"[1, 3, 6]",17
angularjs-springmvc-sample,https://github.com/caomm/angularjs-springmvc-sample,"[1, 3, 6]",28
WeatherPage,https://github.com/manuelbrand/WeatherPage,"[1, 2, 3, 5]",1
GreenPHP,https://github.com/takeshineshiro/GreenPHP,[],10
LightGBM,https://github.com/zhly0/LightGBM,"[1, 2, 5, 6]",27
cookieconsent,https://github.com/RubenPHP/cookieconsent,"[1, 2, 3, 5, 7]",30
javascript-intro-to-functions-lab-web-031317,https://github.com/peteryunkim/javascript-intro-to-functions-lab-web-031317,"[1, 2, 3]",17
vrptools,https://github.com/lindes/vrptools,"[1, 2, 4, 5, 6, 7]",10
neuraltalk2,https://github.com/adrian907/neuraltalk2,"[1, 2, 3, 5]",18
ircdd,https://github.com/MHarrison72/ircdd,[],4
django-select2,https://github.com/harvard-crimson/django-select2,"[3, 4, 5, 6]",49
matter-js,https://github.com/m4rm0k/matter-js,"[1, 3, 4, 5, 6]",18
GaCD-Assignment,https://github.com/uliano/GaCD-Assignment,[1],3
web-auth-readme-v-000,https://github.com/SCDesigns/web-auth-readme-v-000,"[1, 2, 3]",9
dropzone,https://github.com/MasazI/dropzone,"[1, 2, 3, 6]",5
puppet-splunk,https://github.com/petems/puppet-splunk,"[1, 3, 4, 6]",7
hartapoliticii,https://github.com/codertux/hartapoliticii,[],11
gcloud-node,https://github.com/savethefails/gcloud-node,"[1, 3, 6, 7]",128
CarND-Transfer-Learning-Lab,https://github.com/tmandal/CarND-Transfer-Learning-Lab,[],13
decent,https://github.com/ld000/decent,"[1, 3, 5, 6]",10
avalon-server-render-example,https://github.com/zzl81cn/avalon-server-render-example,[],5
dynamic-json-resume,https://github.com/ahmadassaf/dynamic-json-resume,"[1, 2, 3, 5, 6]",15
javascript,https://github.com/envs/javascript,"[1, 3, 5, 6, 8]",605
embedC-Challenge,https://github.com/FleetCarma/embedC-Challenge,[1],8
ACTWebSocket,https://github.com/HAERUHAERU/ACTWebSocket,[],10
fewd-3-homework-week-2,https://github.com/fewd-sg/fewd-3-homework-week-2,[],2
jquery,https://github.com/CASunday2003/jquery,"[3, 5, 6, 7]",90
web-animations-js,https://github.com/ibarrick/web-animations-js,"[1, 2]",28
foxmote,https://github.com/abricot/foxmote,[],3
flisol-api,https://github.com/HugoTamaki/flisol-api,"[1, 3]",1
android-training-course-in-chinese,https://github.com/crh19970307/android-training-course-in-chinese,[],155
cpprestsdk,https://github.com/vanloswang/cpprestsdk,"[1, 3, 6, 7]",4
Seccubus_v2,https://github.com/Fu2k/Seccubus_v2,"[1, 4]",99
monodroid-samples,https://github.com/EgoistTheBest/monodroid-samples,"[1, 5, 7]",9
rallets-android,https://github.com/Chen0831/rallets-android,"[1, 3, 4, 5]",58
groovy-core,https://github.com/rivieragug/groovy-core,"[1, 2, 3, 5]",9
loaders,https://github.com/Parisson/loaders,"[3, 5]",31
broccoli-pug-plugin,https://github.com/Lodin/broccoli-pug-plugin,"[1, 3, 6]",1
thoughtworks-email-signature-generator,https://github.com/jimlester/thoughtworks-email-signature-generator,[1],19
ca-bundle,https://github.com/kleopatra999/ca-bundle,"[1, 3, 5, 6]",3
PruneCluster,https://github.com/abhinav1592/PruneCluster,"[1, 2, 3, 5]",30
hackathon-2016-12,https://github.com/barchetta/hackathon-2016-12,"[1, 3, 6]",5
aci-fabric-deploy,https://github.com/rivabe/aci-fabric-deploy,"[1, 3]",1
openshift3mlbparks,https://github.com/GitBoat/openshift3mlbparks,[1],6
coffee-react-quickstart,https://github.com/mnacos/coffee-react-quickstart,"[1, 2, 3]",19
pupy,https://github.com/kcufId/pupy,"[1, 5, 6]",52
object-parser,https://github.com/59naga/object-parser,"[1, 3, 5, 6]",6
Shielded,https://github.com/jbakic/Shielded,"[1, 2, 3]",35
swift-java-bridge,https://github.com/ctinnell/swift-java-bridge,[1],6
aw-reporting,https://github.com/ashusa303/aw-reporting,"[1, 3, 4, 6, 7]",41
Spectral,https://github.com/avigad/Spectral,"[1, 4, 5, 6]",26
Learning-Analytics-Project,https://github.com/ThomasGrivaz/Learning-Analytics-Project,[1],9
mosh-chrome,https://github.com/jlangston/mosh-chrome,"[1, 3, 5]",7
phantomjs,https://github.com/gskachkov/phantomjs,"[1, 4, 5, 6, 7]",48
pixelpusher,https://github.com/cbogithub/pixelpusher,"[1, 4]",2
setup-ipsec-vpn,https://github.com/thesaadarshad/setup-ipsec-vpn,"[1, 3, 5, 6]",116
ricochet,https://github.com/detoxin/ricochet,"[1, 5, 6]",12
docker-elk,https://github.com/zouzias/docker-elk,"[1, 6]",37
tutorials,https://github.com/BhanuPatnana/tutorials,"[1, 3]",13
react-web,https://github.com/cpunion/react-web,"[3, 5]",26
MiniWeChat-Client,https://github.com/yuechuanbingzhi163/MiniWeChat-Client,[],11
feedback,https://github.com/alanqian/feedback,"[1, 3, 5, 6]",11
.dotfiles,https://github.com/brianrainey/.dotfiles,"[1, 3, 6]",10
plotly,https://github.com/d-vf/plotly,[5],28
es2015-bootstrap,https://github.com/johntron/es2015-bootstrap,[],3
stoqs,https://github.com/carueda/stoqs,"[1, 6]",63
nrays,https://github.com/sebcrozet/nrays,"[1, 3, 6]",14
CoreAR,https://github.com/letup/CoreAR,"[1, 3, 5, 6]",11
node.unnecessary.js,https://github.com/wthit56/node.unnecessary.js,"[1, 4]",2
XChange,https://github.com/romerun/XChange,"[1, 3, 6, 7, 8]",26
Pass4Win,https://github.com/bazmecode/Pass4Win,"[1, 2, 3, 5, 6]",25
clBLAS,https://github.com/hughperkins/clBLAS,"[1, 2, 3, 5, 6, 7]",17
srs,https://github.com/ruoshui/srs,"[1, 3, 4, 5, 6, 8]",983
angular-ckeditor-directive,https://github.com/crann/angular-ckeditor-directive,"[1, 3, 5]",7
homebrew-cask,https://github.com/troska/homebrew-cask,"[5, 6, 7]",80
bs-webapi-incubator,https://github.com/BuckleTypes/bs-webapi-incubator,"[1, 3]",50
data-science-ipython-notebooks,https://github.com/christopherwoo/data-science-ipython-notebooks,"[1, 5, 6]",156
guides,https://github.com/lionfish7699/guides,[],46
python-fire,https://github.com/yaogdu/python-fire,"[1, 2, 3, 5, 6]",2
swiped,https://github.com/monw3c/swiped,"[3, 6]",11
UniversalMediaServer,https://github.com/Dauthiwarlord/UniversalMediaServer,"[1, 5, 6]",17
puppet-firewalld,https://github.com/juame/puppet-firewalld,"[1, 3]",8
MSCollectionViewCalendarLayout,https://github.com/tetsuo6666/MSCollectionViewCalendarLayout,"[1, 2, 3, 5, 6, 7]",16
angular-duration-format,https://github.com/renoguyon/angular-duration-format,[],10
mitro,https://github.com/slavame/mitro,"[1, 3, 5, 6]",6
chugins,https://github.com/Chiel92/chugins,[3],21
onepage_scroll,https://github.com/tourze/onepage_scroll,"[3, 6]",19
oauth2,https://github.com/subclub/oauth2,[],47
BeeFramework,https://github.com/dev1234/BeeFramework,[5],107
parseiqiyi,https://github.com/GitLqr/parseiqiyi,[],12
drupal_store_ftm,https://github.com/fitmoo/drupal_store_ftm,"[1, 3, 6]",1
pat,https://github.com/travisjeffery/pat,"[3, 5, 6]",19
d3,https://github.com/zephyrm/d3,"[1, 2, 3]",185
AFiNeS,https://github.com/shilobanerjee/AFiNeS,[],26
javascript-arithmetic-lab-bootcamp-prep-000,https://github.com/bambella4316/javascript-arithmetic-lab-bootcamp-prep-000,"[1, 2, 3, 6]",6
takeown,https://github.com/leobcn/takeown,"[1, 3]",6
vegeta,https://github.com/itsky365/vegeta,[3],121
fullPage.js,https://github.com/monkeymoney/fullPage.js,"[1, 3, 5, 6, 8]",383
ionic-cli,https://github.com/dxas90/ionic-cli,"[1, 3]",86
api,https://github.com/XiliangSong/api,"[1, 3, 6]",8
aws-codedeploy-agent,https://github.com/ccloes/aws-codedeploy-agent,"[1, 3]",5
raet,https://github.com/jacknjzhou/raet,"[1, 2, 3]",17
echo,https://github.com/npouvesle/echo,"[1, 3, 5]",112
modular-html-css-js-workshop,https://github.com/shayhowe/modular-html-css-js-workshop,[3],11
novel-mode,https://github.com/TLINDEN/novel-mode,"[1, 3, 4, 5]",4
ipython-notebooks,https://github.com/rossgritz/ipython-notebooks,"[1, 3, 6]",43
angular-phonecat,https://github.com/tdeborge/angular-phonecat,[5],24
first-lab-ruby-learn-cli-ile-intro-to-learn,https://github.com/AlexandraRezk02/first-lab-ruby-learn-cli-ile-intro-to-learn,"[1, 3]",17
formBuilder,https://github.com/jaredkirkley/formBuilder,"[1, 4, 5]",40
DXXcodeConsoleUnicodePlugin,https://github.com/HugoDou/DXXcodeConsoleUnicodePlugin,[],5
ocanvas,https://github.com/panshuiqing/ocanvas,"[1, 2, 3, 6]",6
afinal,https://github.com/witernie/afinal,[],33
you-get,https://github.com/hobmgcode/you-get,"[1, 2, 3]",116
ML-From-Scratch,https://github.com/openube/ML-From-Scratch,[1],17
DefinitelyTyped,https://github.com/paarthenon/DefinitelyTyped,[3],363
insight2,https://github.com/mraimi/insight2,[],15
compass,https://github.com/johnsonyang/compass,[],15
Front-end-tutorial,https://github.com/xiaofeng00/Front-end-tutorial,[],53
awesome_admin_layout,https://github.com/appirits/awesome_admin_layout,"[1, 3, 7]",7
simple_rsa,https://github.com/johabu/simple_rsa,"[1, 3, 5, 6]",4
quantlib,https://github.com/DuncanAForbes/quantlib,[7],12
gtg,https://github.com/ishitach/gtg,"[1, 3, 6]",3
research-2016-ecoop-artifact,https://github.com/eyolfson/research-2016-ecoop-artifact,"[1, 3]",34
G-Library,https://github.com/guoyu07/G-Library,[],3
retrolambda,https://github.com/cushon/retrolambda,"[1, 2, 3, 4, 6]",112
NPKC_17_Teensy3.2,https://github.com/trZone/NPKC_17_Teensy3.2,[1],2
jspm-cli,https://github.com/SerkanSipahi/jspm-cli,"[1, 5, 6]",75
DoctrineEncryptBundle,https://github.com/TNAJanssen/DoctrineEncryptBundle,"[1, 2, 4, 5, 6]",19
hyperapp,https://github.com/KeithLee208/hyperapp,"[3, 6]",40
seadroid,https://github.com/isoscl/seadroid,"[1, 3, 6, 7]",43
wp-github-updater,https://github.com/shohag121/wp-github-updater,"[1, 3]",5
wildfly,https://github.com/AlexandreHonorato/wildfly,"[1, 2, 3, 5, 6, 7]",17
kdev-kernel,https://github.com/c-jheengut/kdev-kernel,"[1, 2, 3, 4, 5, 6, 7]",6
neveragaindottech.github.io,https://github.com/uhlume/neveragaindottech.github.io,"[1, 6]",30
PySLGalMaker,https://github.com/weimingtom/PySLGalMaker,[],11
jquery.hotkeys,https://github.com/ghamry/jquery.hotkeys,"[1, 3]",34
pluck,https://github.com/plirof/pluck,[1],6
carrierwave-base64-storage,https://github.com/alg/carrierwave-base64-storage,[1],3
msu_ngs2015,https://github.com/IL2liu/msu_ngs2015,[],8
dev1-mini-project,https://github.com/Exia101/dev1-mini-project,[1],1
gulp-merge-json,https://github.com/joshswan/gulp-merge-json,"[1, 3]",18
unity3d-store,https://github.com/javillegas/unity3d-store,"[1, 3, 4, 5, 6, 7]",120
pcbsd,https://github.com/jbenden/pcbsd,[1],12
fake_inject,https://github.com/erizhang/fake_inject,"[1, 3]",6
fig,https://github.com/homingli/fig,"[1, 3]",71
LogViewer,https://github.com/illuminate3/LogViewer,"[1, 4, 6, 7]",18
Dragonet,https://github.com/willotheblessed/Dragonet,"[1, 3, 4]",20
ras-common,https://github.com/ONSdigital/ras-common,"[1, 2, 3]",21
node-taas-client,https://github.com/LordWiley/node-taas-client,"[1, 3, 5, 6, 8]",8
brew,https://github.com/itomato/brew,"[1, 3, 5, 6]",88
nodegit,https://github.com/martinheidegger/nodegit,[],221
yamp-js,https://github.com/the-vk/yamp-js,[],3
js-jquery-stop-propogation-lab-wdf-000,https://github.com/Olive4Oyl/js-jquery-stop-propogation-lab-wdf-000,"[1, 3]",9
whenever,https://github.com/bdurand/whenever,"[3, 5, 6]",63
